"Question Body Mismatch","The purpose of this checklist is to assist experienced accountants in determining whether financial statements comply with the disclosure requirements of FRS 102 The Financial Reporting Standard applicable in the UK and Republic of Ireland.

The checklist also includes relevant disclosures derived from: 

- IFRSs referenced from FRS 102;

- The Companies Acts (2006) & supporting legislation affecting accounts, directors' remuneration reports, & directors' reports; 

- The LLP SORP (2015 and 2017) and LLP legislation; 

- The charity SORP (2015 and 2019) including Scottish charity legislation; 

- The AIC SORP (2014 and 2018); 

- The IMA SORP (2014 and 2017); 

- The academies accounts direction 2014 to 2015, 2015 to 2016, 2016 to 2017, 2017 to 2018 and 2018 to 2019 for those applying the charity SORP 2015 or 2018; 

- Registered housing provider SORP 2014 and 2018 including accounts directions and determinations for England, Scotland and Wales;

- Accounting for further and higher education SORP 2014 and 2019 including accounts directions and determinations for England, Scotland and Wales;

-- The UK Corporate Governance Code; 

- Operating and Financial Reviews; and 

- Preliminary announcements.
","The purpose of this checklist is to assist experienced accountants in determining whether financial statements comply with the disclosure requirements of FRS 102 The Financial Reporting Standard applicable in the UK and Republic of Ireland.

The checklist also includes relevant disclosures derived from: 

- IFRSs referenced from FRS 102;

- The Companies Acts (2006) & supporting legislation affecting accounts, directors' remuneration reports, & directors' reports; 

- The LLP SORP (2015 and 2017) and LLP legislation; 

- The charity SORP (2015 and 2019) including Scottish charity legislation; 

- The AIC SORP (2014 and 2018); 

 - The IMA SORP (2014 and 2017); 

 - The academies accounts direction 2014 to 2015, 2015 to 2016, 2016 to 2017, 2017 to 2018, 2018 to 2019 and 2019 to 2020 for those applying the charity SORP 2015 or 2018; 

- Registered housing provider SORP 2014 and 2018 including accounts directions and determinations for England, Scotland and Wales;

- Accounting for further and higher education SORP 2014 and 2019 including accounts directions and determinations for England, Scotland and Wales;

-- The UK Corporate Governance Code; 

- Operating and Financial Reviews; and 

- Preliminary announcements."
"Question Body Mismatch","This checklist should only be used for accounting periods ending on or after 31 December 2012 where FRS 102 is being adopted.

Where the financial statements are for a periods ending before this date, please contact Ideagen in order to ascertain the
most suitable checklist to apply in your scenario.","This checklist should  only be used for accounting periods  ending on or after 31 December 2012 where FRS 102 is being adopted.

Where the financial statements are for a periods ending before this date, please contact Ideagen in order to ascertain the
 most suitable checklist to apply in your scenario."
"Question Body Mismatch","Is the entity within the scope of a SORP or Accounts Direction (or volunteering to comply with one where it does not conflict with the framework adopted)?


Note. Where the entity is a charity but a separate SORP exists for a particular class of charity, eg SORP applicable for Registered Social Housing Providers or further and higher education, those SORPs should be used and not the charity SORP.","Is the entity within the scope of a SORP or Accounts Direction (or volunteering to comply with one where it does not conflict with the framework adopted)?


Note.  Where the entity is a charity but a separate SORP exists for a particular class of charity, eg SORP applicable for Registered Social Housing Providers or further and higher education, those SORPs should be used and not the charity SORP."
"Question Body Mismatch","Is the entity a UK authorised fund? Note. If the answer is 'Yes', the checklist will include the requirements from the IMA SORP for financial statements of Uk Authorised Funds (issued May 2014 and June 2017).","Is the entity a UK authorised fund? Note.  If the answer is 'Yes', the checklist will include the requirements from the IMA SORP for financial statements of Uk Authorised Funds (issued May 2014 and June 2017)."
"Question Body Mismatch","What is the first day of the entity�s accounting period?","What is the first day of the entity’s accounting period?"
"Question Body Mismatch"," Does the entity wish to early adopt the amendments to FRS 102 - UK exit from the EU?","Does the entity wish to early adopt the amendments to FRS 102 - UK exit from the EU?"
"Question Body Mismatch","Do you want the checklist to assist in determining whether the company or LLP is small, medium or large? Note. This will not determine if the entity can adopt the micro-entity provisions.","Do you want the checklist to assist in determining whether the company or LLP is small, medium or large?  Note. This will not determine if the entity can adopt the micro-entity provisions."
"Question Body Mismatch","Does the entity qualify for: -Small exemptions; - Medium-sized exemptions, or - None of the above?","Does the entity qualify for:

-Small exemptions;

- Medium-sized exemptions, or

- None of the above?"
"Question Body Mismatch","Is the entity an overseas company as defined in the Companies Act 2006? See Help for guidance.","Is the entity an overseas company as defined in the Companies Act 2006?  See Help for guidance."
"Question Body Mismatch","Please select the type of entity that this checklist is being answered for: 
Private Company - a UK private company that is limited by shares (Ltd or c.i.c); 
Public Company - a UK public limited company (Plc) or c.i.c.; 
Unlimited Company - a UK unlimited company (or c.i.c.) or a company limited by [membership] guarantee; 
LLP - a limited liability partnership (LLP) incorporated in Great Britain under the 2000 Act, or 
None of the above? 
If the entity is a Qualifying Partnerships, please tick private company. If the entity is a Co-operative and Community Benefit Societies select none of the above.","Please select the type of entity that this checklist is being answered for: 
Private Company - a UK private company that is limited by shares (Ltd or c.i.c); 
Public Company - a UK public limited company (Plc) or c.i.c.; 
Unlimited Company - a UK unlimited company (or c.i.c.) or a company limited by [membership] guarantee; 
LLP - a limited liability partnership (LLP) incorporated in Great Britain under the 2000 Act, or 
None of the above? 
If the entity is a Qualifying Partnerships, please tick private company.  If the entity is a Co-operative and Community Benefit Societies select none of the above."
"Question Body Mismatch","Please select which item(s) describe the group membership of the entity (tick all that apply):","Please select which item(s)  describe the group membership of the entity (tick all that apply):"
"Question Body Mismatch","At any time within the financial year in question was the entity:-

(a) a quoted company as defined in section 385(2) of the Companies Act 2006, 

(b) a company that� 

(i) is an authorised insurance company, a banking company, an e-money issuer, a MiFID investment firm or a UCITS management company, or 

(ii) carries on insurance market activity, or 

(c) a special register body as defined in section 117(1) of the Trade Union and Labour 
Relations (Consolidation) Act 1992 (c 52) or an employers� association as defined 
in section 122 of that Act or Article 4 of the Industrial Relations (Northern Ireland) 
Order 1992 (S.I. 1992/807) (NI 5).","At any time within the financial year in question was the entity:-

(a) a quoted company as defined in section 385(2) of the Companies Act 2006, 

(b) a company that— 

(i) is an authorised insurance company, a banking company, an e-money issuer, a MiFID investment firm or a UCITS management company, or 

(ii) carries on insurance market activity, or 

(c) a special register body as defined in section 117(1) of the Trade Union and Labour 
Relations (Consolidation) Act 1992 (c 52) or an employers’ association as defined 
in section 122 of that Act or Article 4 of the Industrial Relations (Northern Ireland) 
Order 1992 (S.I. 1992/807) (NI 5)."
"Question Title Mismatch","Subsidiary accounts audit exemption exclusions","Subsidiary accounts audit exemption conditions"
"Question Title Mismatch","Subsidiary accounts audit exemption exclusions","Subsidiary accounts audit exemption conditions"
"Question Title Mismatch","Subsidiary accounts audit exemption exclusions","Subsidiary accounts audit exemption conditions"
"Question Title Mismatch","Subsidiary accounts audit exemption exclusions","Subsidiary accounts audit exemption conditions"
"Question Title Mismatch","Subsidiary accounts audit exemption exclusions","Subsidiary accounts audit exemption conditions"
"Question Title Mismatch","Subsidiary accounts audit exemption exclusions","Subsidiary accounts audit exemption conditions"
"Question Body Mismatch","The subsidiary must meet all the above conditions to take advantage of the available exemption. The checklist will now assume that the exemption conditions are not being applied.","The subsidiary must meet all the above conditions to take advantage of the available exemption.  The checklist will now assume that the exemption conditions are not being applied."
"Question Body Mismatch","As the entity's most recent previous annual financial statements did not contain an explicit and unreserved statement of compliance with FRS 102, has the entity:

(1) applied section 35, ""Transition to this FRS"", or

(2) applied FRS 102 retrospectively in accordance with Section 10 Accounting Policies, Changes in Estimates and Errors as if the entity had never stopped applying FRS 102?

Note: First time adopters of FRS 102 should answer (1) but other entities have a choice of (1) or (2).","As the entity's most recent previous annual financial statements did not contain an explicit and unreserved statement of compliance with FRS 102, has the entity:

(1) applied section 35, ""Transition to this FRS"", or

(2)  applied FRS 102 retrospectively in accordance with Section 10 Accounting Policies, Changes in Estimates and Errors as if the entity had never stopped applying FRS 102?

Note: First time adopters of FRS 102 should answer (1) but other entities have a choice of (1) or (2)."
"Question Body Mismatch","Does the entity voluntarily disclose earnings per share?
","Does the entity voluntarily disclose earnings per share?"
"Question Body Mismatch","Does the parent of the group of which this entity is a member:","Does the parent of the group of which this entity is a member:

prepare publicly available consolidated financial statements which are intended to give a true and fair view (of the assets, liabilities, financial position and profit or loss)?"
"Question Body Mismatch","prepare publicly available consolidated financial statements which are intended to give a true and fair view (of the assets, liabilities, financial position and profit or loss)?","Does the parent of the group of which this entity is a member:

prepare publicly available consolidated financial statements which are intended to give a true and fair view (of the assets, liabilities, financial position and profit or loss)?"
"Question Body Mismatch","include this entity in the consolidation?","Does the parent of the group of which this entity is a member:

include this entity in the consolidation?"
"Question Body Mismatch","Is management aware, in making its assessment of an entity's ability to continue as a going concern, of material uncertainties related to events or conditions that cast significant doubt upon that entity�s ability to continue as a going concern?","Is management aware, in making its assessment of an entity's ability to continue as a going concern, of material uncertainties related to events or conditions that cast significant doubt upon that entity’s ability to continue as a going concern?"
"Question Body Mismatch","Has the entity:","Has the entity:

- disposed of any material subsidiaries or unincorporated businesses?"
"Question Body Mismatch","#NAME?","Has the entity:

- disposed of any material subsidiaries or unincorporated businesses?"
"Question Body Mismatch","#NAME?","Has the entity:

- carried out research or development?"
"Question Body Mismatch","#NAME?","Has the entity:

- operated in non-UK markets?"
"Question Body Mismatch","#NAME?","Has the entity:

- more than one class of business?"
"Question Body Mismatch","In relation to the accounting period, has the entity:","In relation to the accounting period, has the entity:

- events after the balance sheet date (adjusting or not)?"
"Question Body Mismatch","- events after the balance sheet date (adjusting or not)?

","In relation to the accounting period, has the entity:

- events after the balance sheet date (adjusting or not)?"
"Question Body Mismatch","#NAME?","In relation to the accounting period, has the entity:

- any other exceptional or extraordinary items?"
"Question Body Mismatch","Does the entitys statutory framework prevent it using a Companies Act balance sheet format?

Select 'Yes' if you are a charity, academy trust or further and higher educaton establishment.","Does the entity's statutory framework prevent it using a Companies Act balance sheet format?

Select 'Yes' if you are a charity, academy trust or further and higher educaton establishment."
"Question Body Mismatch","Does the entity follow statutory:

1) balance sheet format 1 (vertical); or

2) balance sheet format 2 (horizontal)? This included abridged or adapted balance sheets where relevant.","Does the entity follow statutory:

1)   balance sheet format 1 (vertical); or

2)   balance sheet format 2 (horizontal)?  This included abridged or adapted balance sheets where relevant."
"Question Body Mismatch","Which of the following items does the entity have:","Which of the following items does the entity have:

Intangible assets"
"Question Body Mismatch","Intangible assets","Which of the following items does the entity have:

Intangible assets"
"Question Body Mismatch","Tangible fixed assets?","Which of the following items does the entity have:

Tangible fixed assets?"
"Question Body Mismatch","Property, plant and equipment?","Which of the following items does the entity have:

Property, plant and equipment?"
"Question Body Mismatch","Investment property?","Which of the following items does the entity have:

Investment property?"
"Question Body Mismatch","Biological assets related to agricultural activity?","Which of the following items does the entity have:

Biological assets related to agricultural activity?"
"Question Body Mismatch","Investments in Associates?","Which of the following items does the entity have:

Investments in Associates?"
"Question Body Mismatch","Heritage Assets?","Which of the following items does the entity have:

Heritage Assets?"
"Question Body Mismatch","investments (including subsidiaries)?","Which of the following items does the entity have:

investments (including subsidiaries)?"
"Question Body Mismatch","Investments in: 

joint ventures; 
jointly controlled entities; 
jointly controlled operations, or 
jointly controlled assets?","Which of the following items does the entity have:

Investments in: 

joint ventures; 
jointly controlled entities; 
jointly controlled operations, or 
jointly controlled assets?"
"Question Body Mismatch","Financial Instruments?","Which of the following items does the entity have:

Financial Instruments?"
"Question Body Mismatch","Financial Instruments measured at fair value?","Which of the following items does the entity have:

Financial Instruments measured at fair value?"
"Question Body Mismatch","Impaired assets?","Which of the following items does the entity have:

Impaired assets?"
"Question Body Mismatch","Contingent assets?","Which of the following items does the entity have:

Contingent assets?"
"Question Body Mismatch","Share-based payment transactions?","Which of the following items does the entity have:

Share-based payment transactions?"
"Question Body Mismatch","share capital?","Which of the following items does the entity have:

share capital?"
"Question Body Mismatch","Inventory/stock/work in progress?","Which of the following items does the entity have:

Inventory/stock/work in progress?"
"Question Body Mismatch","long term contracts?","Which of the following items does the entity have:

long term contracts?"
"Question Body Mismatch","debtors?","Which of the following items does the entity have:

debtors?"
"Question Body Mismatch","creditors or loans except debentures?","Which of the following items does the entity have:

creditors or loans except debentures?"
"Question Body Mismatch","Provisions and contingent liabilities?","Which of the following items does the entity have:

Provisions and contingent liabilities?"
"Question Body Mismatch","actual or potential deferred tax?","Which of the following items does the entity have:

actual or potential deferred tax?"
"Question Body Mismatch","Leases?","Which of the following items does the entity have:

Leases?"
"Question Body Mismatch","Grants receivable?","Which of the following items does the entity have:

Grants receivable?"
"Question Body Mismatch","Does the entity own any:","Does the entity own any:

- land or buildings for its own use?"
"Question Body Mismatch","#NAME?","Does the entity own any:

- land or buildings for its own use?"
"Question Body Mismatch","Does the cost of any asset include capitalised finance costs?

Notes:
1. Companies Act restricts such interest to the period of production.
","Does the cost of any asset include capitalised finance costs?

Notes:
1. Companies Act restricts such interest to the period of production."
"Question Body Mismatch","Does the entity follow:

1) profit and loss format 1 (expenses by function, vertical);

2) profit and loss format 2 (expenses by nature, vertical);

3) profit and loss format 3 (expenses by function, horizontal); or

4) profit and loss format 4 (expenses by nature, horizontal)?

Note:""by function"" means cost of sales, distribution, administrative etc. ""by nature"" means raw materials, staff costs, depreciation etc.
LLP's can only select format 1 or format 2. This included abridged or amended formats where relevant.","Does the entity follow:

1) profit and loss format 1 (expenses by function, vertical); or

2) profit and loss format 2 (expenses by nature, vertical)?

Note:""by function"" means cost of sales, distribution, administrative etc. ""by nature"" means raw materials, staff costs, depreciation etc.  This included abridged or amended formats where relevant."
"Question Body Mismatch","Are the entity's investments:

1) - unlisted?

2) - listed?

3) - both listed and unlisted?","Are the entity's investments:

1)   - unlisted?

2)   - listed?

3)   - both listed and unlisted?"
"Question Body Mismatch","Other than its investments in subsidiary entities, does the entity have:","Other than its investments in subsidiary entities, does the entity have:

- any associated undertakings (generally more than 20% of voting rights)?"
"Question Body Mismatch","- any associated undertakings (generally more than 20% of voting rights)?","Other than its investments in subsidiary entities, does the entity have:

- any associated undertakings (generally more than 20% of voting rights)?"
"Question Body Mismatch","- significant shareholdings in any undertaking (generally more than 20% of any class of shares or 20% of assets)?","Other than its investments in subsidiary entities, does the entity have:

- significant shareholdings in any undertaking (generally more than 20% of any class of shares or 20% of assets)?"
"Question Body Mismatch","Do the financial statements of the reporting entity include:","Do the financial statements of the reporting entity include:

(a) provisions (ie liabilities of uncertain timing or amount);"
"Question Body Mismatch","(a) provisions (ie liabilities of uncertain timing or amount);","Do the financial statements of the reporting entity include:

(a) provisions (ie liabilities of uncertain timing or amount);"
"Question Body Mismatch","(b) contingent liabilities;","Do the financial statements of the reporting entity include:

(b) contingent liabilities;"
"Question Body Mismatch","(c) amounts in respect of financial guarantee contracts?","Do the financial statements of the reporting entity include:

(c) amounts in respect of financial guarantee contracts?"
"Question Title Mismatch","Funding commitments: scope","IR benchmark reform"
"Question Title Mismatch","Pension arrangements","Funding commitments: scope"
"Question Title Mismatch","Pension arrangements","Funding commitments: scope"
"Question Body Mismatch","- defined benefit pension schemes? 

Note: Under a defined benefit scheme, benefits are determined independently of the contributions payable, for example based on final salary. This would include a defined benefit multi-employer scheme that is being accounted for as a defined contribution arrangement under FRS 102.","Are the entity's employees covered by:

- defined contribution or money purchase pension schemes or by entity contributions to personal pension plans?"
"Question Body Mismatch","#NAME?","Are the entity's employees covered by:

- defined benefit pension schemes? 

Note: Under a defined benefit scheme, benefits are determined independently of the contributions payable, for example based on final salary. This would include a defined benefit multi-employer scheme that is being accounted for as a defined contribution arrangement under FRS 102."
"Question Body Mismatch","#NAME?","Are the entity's employees covered by:

- any unfunded pensions?"
"Question Title Mismatch","Multi-employer scheme","Pension arrangements"
"Question Body Mismatch","Has the entity accounted for any of the following types of employee benefits: 




","Has the entity accounted for any of the following types of employee benefits:

(a) other long-term employee benefits, which are all employee benefits, other than short-term employee benefits, post-employment benefits and termination benefits; or"
"Question Body Mismatch","(a) other long-term employee benefits, which are all employee benefits, other than short-term employee benefits, post-employment benefits and termination benefits; or","Has the entity accounted for any of the following types of employee benefits:

(a) other long-term employee benefits, which are all employee benefits, other than short-term employee benefits, post-employment benefits and termination benefits; or"
"Question Body Mismatch","(b) termination benefits, which are employee benefits provided in exchange for the termination of an employee�s employment as a result of either:

(i) an entity�s decision to terminate an employee�s employment before the normal retirement date; or

(ii) an employee�s decision to accept voluntary redundancy in exchange for those benefits?","Has the entity accounted for any of the following types of employee benefits:

(b) termination benefits, which are employee benefits provided in exchange for the termination of an employee’s employment as a result of either:

(i) an entity’s decision to terminate an employee’s employment before the normal retirement date; or

(ii) an employee’s decision to accept voluntary redundancy in exchange for those benefits?"
"Question Body Mismatch","Did the entity effect any business combinations in the period? Note. You should answer 'No' to this question if the only business combinations are group reconstructions.","Did the entity effect any business combinations in the period?  Note.  You should answer 'No' to this question if the only business combinations are group reconstructions."
"Question Body Mismatch","Has the entity entered into any transactions with related parties, or are there outstanding balances between the entity and related parties?

See help for further guidance on related parties under FRS 102.

Note: If all related party transactions are between members of a group and all involved subsidiaries are wholly owned by such a member, and there are no outstanding balances within that group, no disclosures are required and so a 'N/A' answer can be given. This exemption is not available for charities (see SORP para 9.17 and 23.4) If the entity is applying section 1A of FRS 102, no disclosure is required if the transactions have all been concluded under normal market conditions and so a 'N/A' answer can be given. If there are no transactions but there are outstanding balances you should answer 'Yes' to this question, although if you are using the Companies Act formats, the disclosure of oustanding balances is covered by using those formats and disclosing the balances within debtors and/or creditors. Therefore if this is the case, a 'N/A' answer can be given.","Has the entity entered into any transactions with related parties, or are there outstanding balances between the entity and related parties?

See help for further guidance on related parties under FRS 102.

Note: If all related party transactions are between members of a group and all involved subsidiaries are wholly owned by such a member, and there are no outstanding balances within that group, no disclosures are required and so a 'N/A' answer can be given.  This exemption is not available for charities (see SORP para 9.17 and 23.4)  If the entity is applying section 1A of FRS 102, no disclosure is required if the transactions have all been concluded under normal market conditions and so a 'N/A' answer can be given.  If there are no transactions but there are outstanding balances you should answer 'Yes' to this question, although if you are using the Companies Act formats, the disclosure of oustanding balances is covered by using those formats and disclosing the balances within debtors and/or creditors.  Therefore if this is the case, a 'N/A' answer can be given."
"Question Title Mismatch","Leases: scope","Leases: scope - Finance Leases as lessee: scope"
"Question Title Mismatch","Finance Leases as lessee: scope","Leases: scope - Finance Leases as lessee: scope"
"Question Title Mismatch","Operating leases as lessee: scope","Leases: scope - Operating leases as lessee: scope"
"Question Title Mismatch","Finance Leases as lessor: scope","Leases: scope - Finance Leases as lessor: scope"
"Question Title Mismatch","Operating Leases as lessor: scope","Leases: scope - Operating Leases as lessor: scope"
"Question Body Mismatch","Has the entity recognised revenue arising from the following transactions and events:","Has the entity recognised revenue arising from the following transactions and events:

(a) the sale of goods;"
"Question Body Mismatch","(a) the sale of goods;","Has the entity recognised revenue arising from the following transactions and events:

(a) the sale of goods;"
"Question Body Mismatch","(b) the rendering of services;","Has the entity recognised revenue arising from the following transactions and events:

(b) the rendering of services;"
"Question Body Mismatch","(c) construction contracts in which the entity is the contractor;","Has the entity recognised revenue arising from the following transactions and events:

(c) construction contracts in which the entity is the contractor;"
"Question Body Mismatch","Does the reporting entity have foreign activities which it accounts for as follows:","Does the reporting entity have foreign activities which it accounts for as follows:

(a) as transactions in foreign currencies;"
"Question Body Mismatch","(a) as transactions in foreign currencies;","Does the reporting entity have foreign activities which it accounts for as follows:

(a) as transactions in foreign currencies;"
"Question Body Mismatch","(b) or as foreign operations; or","Does the reporting entity have foreign activities which it accounts for as follows:

(b) or as foreign operations; or"
"Question Body Mismatch","(c) does it present its financial statements in a foreign currency?","Does the reporting entity have foreign activities which it accounts for as follows:

(c) does it present its financial statements in a foreign currency?"
"Question Body Mismatch","You have reached the end of the tailoring section. Assuming all questions have been correctly entered it will shortly be possible to complete the main body of the checklist.","You have reached the end of the tailoring section.  Assuming all questions have been correctly entered it will shortly be possible to complete the main body of the checklist."
"Question Title Mismatch","","End of Tailoring"
"T1.1","Purpose of the checklist","The purpose of this checklist is to assist experienced accountants in determining whether financial statements comply with the disclosure requirements of FRS 102 The Financial Reporting Standard applicable in the UK and Republic of Ireland.

The checklist also includes relevant disclosures derived from: 

- IFRSs referenced from FRS 102;

- The Companies Acts (2006) & supporting legislation affecting accounts, directors' remuneration reports, & directors' reports; 

- The LLP SORP (2015 and 2017) and LLP legislation; 

- The charity SORP (2015 and 2019) including Scottish charity legislation; 

- The AIC SORP (2014 and 2018); 

 - The IMA SORP (2014 and 2017); 

 - The academies accounts direction 2014 to 2015, 2015 to 2016, 2016 to 2017, 2017 to 2018, 2018 to 2019 and 2019 to 2020 for those applying the charity SORP 2015 or 2018; 

- Registered housing provider SORP 2014 and 2018 including accounts directions and determinations for England, Scotland and Wales;

- Accounting for further and higher education SORP 2014 and 2019 including accounts directions and determinations for England, Scotland and Wales;

-- The UK Corporate Governance Code; 

- Operating and Financial Reviews; and 

- Preliminary announcements.","A"
"T1.2","Disclaimer","We have tried to ensure that all requirements are included in the checklist and that the link between the tailoring questions and the disclosure requirements is robust. However we can give no warranty as to the accuracy or completeness of the software. 

It still remains the responsibility of the user to ensure that the financial statements comply with all disclosure requirements. 

Please be aware that this checklist does not cover the recognition, measurement and presentation requirements of FRS 102 or referenced IFRSs, although reference to these aspects of standards are made where is it is considered relevant, for example in help screens giving background information on disclosure requirements.","A"
"T1.3","Applicable Period","This checklist should  only be used for accounting periods  ending on or after 31 December 2012 where FRS 102 is being adopted.

Where the financial statements are for a periods ending before this date, please contact Ideagen in order to ascertain the
 most suitable checklist to apply in your scenario.","A"
"T2.1","SORPS","Is the entity within the scope of a SORP or Accounts Direction (or volunteering to comply with one where it does not conflict with the framework adopted)?


Note.  Where the entity is a charity but a separate SORP exists for a particular class of charity, eg SORP applicable for Registered Social Housing Providers or further and higher education, those SORPs should be used and not the charity SORP.","None"
"T2.5","Public Benefit Entity","Is the reporting entity a public benefit entity?","N"
"T2.6","Public Benefit Entity","Is the reporting entity part of a public benefit group?","N"
"T2.29","Investment trusts","Do you wish to include the disclosure requirements of the AIC SORP 2014 and AIC SORP 2018 for the Financial statements of Investment Trust Companies and Venture Capital Trusts?","N"
"T2.44","UK Authorised funds","Is the entity a UK authorised fund? Note.  If the answer is 'Yes', the checklist will include the requirements from the IMA SORP for financial statements of Uk Authorised Funds (issued May 2014 and June 2017).","N"
"T3.1.1.1","Accounting period start date","What is the first day of the entity’s accounting period?","01/01/2019"
"T3.1.1.2","Accounting period end date","What is the last day of the entity's accounting period?","31/12/2019"
"T3.1.1.6","First financial statements","Are these the first financial statements produced by the entity?","N"
"T3.1.1.7","Frequency of reporting","Are the annual financial statements being presented for a period of other than a year (e.g. because of a change in year end)?","N"
"T3.1.2.2","UK exity from the EU","Does the entity wish to early adopt the amendments to FRS 102 - UK exit from the EU?"," N"
"T3.1.2.3","Entity size","Do you want the checklist to assist in determining whether the company or LLP is small, medium or large?  Note. This will not determine if the entity can adopt the micro-entity provisions.","N"
"T3.1.2.26","Size of entity","Does the entity qualify for:

-Small exemptions;

- Medium-sized exemptions, or

- None of the above?","Medium"
"T3.1.2.27","Micro","Is the entity adopting the micro entity regulations?  See Help for guidance.","N"
"T3.1.2.35","Overseas company","Is the entity an overseas company as defined in the Companies Act 2006?  See Help for guidance.","N"
"T3.1.2.41","Type of entity","Please select the type of entity that this checklist is being answered for: 
Private Company - a UK private company that is limited by shares (Ltd or c.i.c); 
Public Company - a UK public limited company (Plc) or c.i.c.; 
Unlimited Company - a UK unlimited company (or c.i.c.) or a company limited by [membership] guarantee; 
LLP - a limited liability partnership (LLP) incorporated in Great Britain under the 2000 Act, or 
None of the above? 
If the entity is a Qualifying Partnerships, please tick private company.  If the entity is a Co-operative and Community Benefit Societies select none of the above.","None of the above"
"T3.1.2.42","Co-ops and Community benefit societies","Is the entity a Co-operative and Community Benefit Society?","N"
"T3.1.3.1","Group membership","Please select which item(s)  describe the group membership of the entity (tick all that apply):","Subsidiary"
"T3.1.4.1","Active or dormant entity?","Was the entity, including any subsidiaries, active at any time in the period?



(Answer 'yes' unless dormant as defined on the help screen)","Y"
"T3.1.5.1","Subsidiary accounts audit exemption","Is the entity intending to apply the subsidiary exemption from audit (see Help)?","Y"
"T3.1.5.2","Subsidiary accounts audit exemption exclusions","At any time within the financial year in question was the entity:-

(a) a quoted company as defined in section 385(2) of the Companies Act 2006, 

(b) a company that— 

(i) is an authorised insurance company, a banking company, an e-money issuer, a MiFID investment firm or a UCITS management company, or 

(ii) carries on insurance market activity, or 

(c) a special register body as defined in section 117(1) of the Trade Union and Labour 
Relations (Consolidation) Act 1992 (c 52) or an employers’ association as defined 
in section 122 of that Act or Article 4 of the Industrial Relations (Northern Ireland) 
Order 1992 (S.I. 1992/807) (NI 5).","N"
"T3.1.5.4","Subsidiary accounts audit exemption conditions","Exemption is conditional.  Please indicate if the following conditions have been met:

(a) all members of the company have agreed to the exemption in respect of the financial year in question?","Y"
"T3.1.5.4","Subsidiary accounts audit exemption conditions","Exemption is conditional.  Please indicate if the following conditions have been met:

(b) the parent undertaking has given a guarantee under section 479C of the Companies Act 2006 in respect of the financial year in question?","Y"
"T3.1.5.4","Subsidiary accounts audit exemption conditions","Exemption is conditional.  Please indicate if the following conditions have been met:

(c) the company is included in the consolidated accounts drawn up for the financial year in question, or to an an earlier date in that year, by the parent undertaking in accordance with :-

(i) the provisions of the Seventh Directive (83/349/EEC), or

(ii) international accounting standards?","Y"
"T3.1.5.4","Subsidiary accounts audit exemption conditions","Exemption is conditional.  Please indicate if the following conditions have been met:

(d) the parent undertaking has disclosed in the notes to the consolidated accounts that the entity is exempt from the requirements to the audit of individual accounts by virtue of the Companies Act 2006 s.479AA?","Y"
"T3.1.5.4","Subsidiary accounts audit exemption conditions","Exemption is conditional.  Please indicate if the following conditions have been met:

(e) the audit exemption statements (CA 06 s.475(2) and (3)) have been included on the balance sheet?","Y"
"T3.1.5.4","Subsidiary accounts audit exemption conditions","Exemption is conditional.  Please indicate if the following conditions have been met:

(f) members accounting for over 10% of a class of issued shares demand an audit (not applicable for LLPs)?","Y"
"T3.1.5.5","Warning - exemption conditions not met","The subsidiary must meet all the above conditions to take advantage of the available exemption.  The checklist will now assume that the exemption conditions are not being applied.","OK"
"T3.1.7.1.2","Initial adoption of FRS 102","Are these the entity's first set of accounts under FRS 102?

(See Help)

Please answer ""No"" if the entity has applied FRS 102 in a previous accounting period, even if the accounts did not contain an explicit and unreserved statement of compliance with FRS 102.","N"
"T3.1.7.1.3","Amended Standards or Abstracts","Has an amendment to any FRS or Abstract had an effect on the current or prior periods or might have an effect on future periods?","N"
"T3.1.7.2.1","Previous Annual Financial Statements","Do the most recent previous annual financial statements of the entity contain an explicit and unreserved statement of compliance with this FRS?","N"
"T3.1.7.2.2","Transition to FRS102","As the entity's most recent previous annual financial statements did not contain an explicit and unreserved statement of compliance with FRS 102, has the entity:

(1) applied section 35, ""Transition to this FRS"", or

(2)  applied FRS 102 retrospectively in accordance with Section 10 Accounting Policies, Changes in Estimates and Errors as if the entity had never stopped applying FRS 102?

Note: First time adopters of FRS 102 should answer (1) but other entities have a choice of (1) or (2).","1"
"T3.1.7.2.3","Restatement of opening position at the date of transition","Is it impracticable for the entity to restate the opening statement of financial position at the date of transition for one or more of the adjustments required by paragraph 35.7- see Help?","N"
"T3.1.7.2.4","Prior Period Disclosures","Is it impracticable for the entity to provide any disclosures required by this FRS for any period before the period in which it prepares its first financial statements that conform to this FRS?","N"
"T3.2.1.1","Financial Institution","Is the reporting entity a financial institution (see Help)?","N"
"T3.2.3.1","Securities","Are any of the entity's securities publicly traded, or is the entity in the process of filing its financial statements with a securities commission or other regulatory organisation for the purpose of issuing any class of instruments in a public market?","N"
"T3.2.3.15","Earnings per share","Does the entity voluntarily disclose earnings per share?","N"
"T3.2.4.1","Qualifying Entity","Does the parent of the group of which this entity is a member:

prepare publicly available consolidated financial statements which are intended to give a true and fair view (of the assets, liabilities, financial position and profit or loss)?","H"
"T3.2.4.1","Qualifying Entity","Does the parent of the group of which this entity is a member:

prepare publicly available consolidated financial statements which are intended to give a true and fair view (of the assets, liabilities, financial position and profit or loss)?","N"
"T3.2.4.1","Qualifying Entity","Does the parent of the group of which this entity is a member:

include this entity in the consolidation?","N"
"T3.2.5.3","Total comprehensive income","Which approach is taken to total comprehensive income presentation?



1. Single statement



2. Two separate statements (Income/p&l and comprehensive income)","2"
"T3.2.5.4","Other Comprehensive Income","Are there any non profit and loss items in the current or previous period to record as Other Comprehensive Income?","Y"
"T3.2.5.7","Extractive Industries","Is the Entity (or in the case of a group the group of which this entity is a parent) involved in extractive industries?","N"
"T3.2.5.8","Insurance Contracts","Does the entity issue either:
Insurance Contracts (as defined in FRS 102/ 103); or
Financial instruments with discretionary participation features (as defined in FRS 102/ 103)?","N"
"T3.2.5.9","Insurance","Is the reporting entity either an insurance company or group?","N"
"T3.2.5.11","Discretionary participation","Does the reporting entity issue contracts (either insurance contracts or financial instruments) with discretionary participation features (as defined in FRS 102/ 103)?","N"
"T3.3.1","Departures","Are there any material departures from applicable legislation, or accounting standards?","N"
"T3.3.2","Departures prior period","Are there any material departures from applicable legislation, or accounting standards in the prior period which affect the amounts recognised in the current period?","N"
"T3.3.4","Going concern","Has management produced financial statements on a going concern basis?","Y"
"T3.3.5","Going concern: Material uncertainties","Is management aware, in making its assessment of an entity's ability to continue as a going concern, of material uncertainties related to events or conditions that cast significant doubt upon that entity’s ability to continue as a going concern?","N"
"T3.3.6","Change in presentation or classification","Has the entity changed the presentation or classification of items in the financial statements?","N"
"T3.4.1.1","Accounting transactions","Has the entity:

- disposed of any material subsidiaries or unincorporated businesses?","H"
"T3.4.1.1","Accounting transactions","Has the entity:

- disposed of any material subsidiaries or unincorporated businesses?","N"
"T3.4.1.1","Accounting transactions","Has the entity:

- carried out research or development?","N"
"T3.4.1.1","Accounting transactions","Has the entity:

- operated in non-UK markets?","N"
"T3.4.1.1","Accounting transactions","Has the entity:

- more than one class of business?","N"
"T3.4.1.2","Voluntary change in AP","Has the entity applied a voluntary change in accounting policy which has had an effect on the current period or any prior period?","N"
"T3.4.1.4","Changes in accounting estimates","Has the entity adjusted the carrying amount of an asset or a liability, or the amount of the periodic consumption of an asset giving rise to a change in accounting estimate?","N"
"T3.4.1.5","Prior Period Errors","Have any errors been detected relating to prior periods?","N"
"T3.4.1.7","Special transactions","In relation to the accounting period, has the entity:

- events after the balance sheet date (adjusting or not)?","H"
"T3.4.1.7","Special transactions","In relation to the accounting period, has the entity:

- events after the balance sheet date (adjusting or not)?","Y"
"T3.4.1.7","Special transactions","In relation to the accounting period, has the entity:

- any other exceptional or extraordinary items?","N"
"T3.4.1.8","Dividend paid or proposed","Has the entity paid or proposed dividends?","N"
"T3.4.2.2","Not Cos. Act balance sheet","Does the entity's statutory framework prevent it using a Companies Act balance sheet format?

Select 'Yes' if you are a charity, academy trust or further and higher educaton establishment.","N"
"T3.4.2.6","Balance sheet format","Does the entity follow statutory:

1)   balance sheet format 1 (vertical); or

2)   balance sheet format 2 (horizontal)?  This included abridged or adapted balance sheets where relevant.","1"
"T3.4.2.7","Contents","Which of the following items does the entity have:

Intangible assets","H"
"T3.4.2.7","Contents","Which of the following items does the entity have:

Intangible assets","N"
"T3.4.2.7","Contents","Which of the following items does the entity have:

Tangible fixed assets?","Y"
"T3.4.2.7","Contents","Which of the following items does the entity have:

Property, plant and equipment?","Y"
"T3.4.2.7","Contents","Which of the following items does the entity have:

Investment property?","N"
"T3.4.2.7","Contents","Which of the following items does the entity have:

Biological assets related to agricultural activity?","N"
"T3.4.2.7","Contents","Which of the following items does the entity have:

Investments in Associates?","Y"
"T3.4.2.7","Contents","Which of the following items does the entity have:

Heritage Assets?","N"
"T3.4.2.7","Contents","Which of the following items does the entity have:

investments (including subsidiaries)?","Y"
"T3.4.2.7","Contents","Which of the following items does the entity have:

Investments in: 

joint ventures; 
jointly controlled entities; 
jointly controlled operations, or 
jointly controlled assets?","Y"
"T3.4.2.7","Contents","Which of the following items does the entity have:

Financial Instruments?","Y"
"T3.4.2.7","Contents","Which of the following items does the entity have:

Financial Instruments measured at fair value?","Y"
"T3.4.2.7","Contents","Which of the following items does the entity have:

Impaired assets?","N"
"T3.4.2.7","Contents","Which of the following items does the entity have:

Contingent assets?","N"
"T3.4.2.7","Contents","Which of the following items does the entity have:

Share-based payment transactions?","N"
"T3.4.2.7","Contents","Which of the following items does the entity have:

share capital?","Y"
"T3.4.2.7","Contents","Which of the following items does the entity have:

Inventory/stock/work in progress?","N"
"T3.4.2.7","Contents","Which of the following items does the entity have:

long term contracts?","N"
"T3.4.2.7","Contents","Which of the following items does the entity have:

debtors?","Y"
"T3.4.2.7","Contents","Which of the following items does the entity have:

creditors or loans except debentures?","Y"
"T3.4.2.7","Contents","Which of the following items does the entity have:

Provisions and contingent liabilities?","Y"
"T3.4.2.7","Contents","Which of the following items does the entity have:

actual or potential deferred tax?","Y"
"T3.4.2.7","Contents","Which of the following items does the entity have:

Leases?","Y"
"T3.4.2.7","Contents","Which of the following items does the entity have:

Grants receivable?","N"
"T3.4.2.8","Purchased goodwill","Past and current acquisitions have given rise to:

1. Positive goodwill only.

2. Negative goodwill only.

3. Both positive and negative goodwill (on different acquisitions).

4. No goodwill.

Answer 4. if no acquisitions or they had all been disposed of prior to the opening balance sheet date.
Answer 4. if n/a due to accounts being prepared under the Charities SORP","4"
"T3.4.2.10","Non derivative non trading FVTPL","Are any of the fair value through p&l financial instruments non-derivatives that are not held as part of a trading portfolio?","N"
"T3.4.2.11","Loan Defaults","Has the entity defaulted on any principal, interest, sinking fund or redemption provisions on loans payable recognised at the balance sheet date or breached any term of a loan agreement that permits the lender to demand repayment (except for breaches that are remedied, or in response to which the terms of the loan are renegotiated on or before the balance sheet date)?","N"
"T3.4.2.12","Investments valued","Are any of the investments (including investments in associates and joint ventures) included at a valuation?","Y"
"T3.4.2.13","Tangible fixed asset details","Does the entity own any:

- land or buildings for its own use?","H"
"T3.4.2.13","Tangible fixed asset details","Does the entity own any:

- land or buildings for its own use?","N"
"T3.4.2.14","Finance costs capitalised","Does the cost of any asset include capitalised finance costs?

Notes:
1. Companies Act restricts such interest to the period of production.","N"
"T3.4.2.16","Disposals","Has the entity entered into a binding sale agreement at the reporting date for a major disposal of assets or a disposal group?","N"
"T3.4.3.2","Changes in equity","Has the entity presented its change in equity:

(1) in a separate Statement of Changes in Equity; or

(2) in the Statement of Income and Retained Earnings?

Note: (2) is only permitted when the only changes in equity are:
a) profit or loss -so no other comprehensive income;
b) payment of dividends; and
c) prior period adjustments.","1"
"T3.4.4.1","Cash Flow Presentation","Which method of presentation does the entity use for reporting cash flow from operating activities?

Note:The indirect method reconciles profit and cash flow.","Indirect"
"T3.4.5.1.1","Operating Segments","Does the entity wish to voluntarily provide information described as segment information? 

Note: Unless the entity wants to apply IFRS 8 disclosures any disaggregated information should not be described as segment information.","N"
"T3.4.5.2.7","Filing and other obligations","Is delivery in paper form?","N"
"T3.4.5.2.8","Filing obligations","In addition to completing this checklist, those delivering in electronic form or CD-ROM or DVD-ROM should make sure that those forms of documents comply with the Registrar's Rules 2009.","A"
"T3.4.5.2.9","Not Cos. Act p&l","Does the entity's statutory framework prevent it using a Companies Act profit and loss account format?

Select 'Yes' if you are a charity, academy trust or further and higher education establishment.","N"
"T3.4.5.2.14","Profit and loss account format","Does the entity follow:

1) profit and loss format 1 (expenses by function, vertical); or

2) profit and loss format 2 (expenses by nature, vertical)?

Note:""by function"" means cost of sales, distribution, administrative etc. ""by nature"" means raw materials, staff costs, depreciation etc.  This included abridged or amended formats where relevant.","1"
"T3.4.5.3.3","QCA Code compliance","Does the entity voluntarily apply the Quoted Companies Alliance Corporate Governance Code?","N"
"T3.4.6.1","Types of investment","Are the entity's investments:

1)   - unlisted?

2)   - listed?

3)   - both listed and unlisted?","1"
"T3.4.6.2","Current asset investments","Are there any current asset investments?","N"
"T3.4.6.3","Fixed or current investments","Does the entity have:

1) fixed asset investments only;

2) current asset investments only; or

3) both fixed and current asset investments?","1"
"T3.4.6.4","Significant shareholdings","Other than its investments in subsidiary entities, does the entity have:

- any associated undertakings (generally more than 20% of voting rights)?","H"
"T3.4.6.4","Significant shareholdings","Other than its investments in subsidiary entities, does the entity have:

- any associated undertakings (generally more than 20% of voting rights)?","N"
"T3.4.6.4","Significant shareholdings","Other than its investments in subsidiary entities, does the entity have:

- significant shareholdings in any undertaking (generally more than 20% of any class of shares or 20% of assets)?","N"
"T3.4.6.5","Investments in Associate: scope","Has the entity accounted for its investment in associates:

1) in accordance with the cost model provided by paragraphs 14.5 to 14.6 of FRS 102;

2) using the fair value model provided by paragraphs 14.9 to 14.10A of FRS 102, or

3) at fair value with changes in fair value recognised in profit or loss?","1"
"T3.4.6.6","Sponsoring Entity","Is the entity a sponsoring entity (see help) that recognises the assets and liabilities held by an intermediary?","N"
"T3.4.8.1","Fair value measurement","Does the entity have a policy of revaluing property, plant and equipment at fair value?","N"
"T3.4.9.1","Provisions and contingencies: scope","Do the financial statements of the reporting entity include:

(a) provisions (ie liabilities of uncertain timing or amount);","H"
"T3.4.9.1","Provisions and contingencies: scope","Do the financial statements of the reporting entity include:

(a) provisions (ie liabilities of uncertain timing or amount);","Y"
"T3.4.9.1","Provisions and contingencies: scope","Do the financial statements of the reporting entity include:

(b) contingent liabilities;","N"
"T3.4.9.1","Provisions and contingencies: scope","Do the financial statements of the reporting entity include:

(c) amounts in respect of financial guarantee contracts?","N"
"T3.4.9.2","Prejudicial disclosures","Does the entity have any disputes with other parties where the outcome of these disputes would be seriously prejudiced by satisfying the full disclosure requirements for provisions, contingent liabilities and contingent assets?","N"
"T3.5.2","Transfer of non-cash collateral","Has the entity (transferor) transferred to another party any non-cash collateral that the other party (transferee) has the right by contract or custom to sell or repledge?","N"
"T3.5.3","Financial instruments - Derecognition of assets -Transfer of assets not resulting in derecognition","Has the entity transferred financial assets to another party in a transaction that does not qualify for derecognition, because the entity has retained significant risks and rewards of ownership of the transferred asset?","N"
"T3.6.7","IR benchmark reform","Does the entity wish to early adopt the amendments to FRS 102 - interest rate benchmark reform (phase 2)?","N"
"T3.7.1","Funding commitments: scope","Has the entity committed to provide resources to other entities which is not a loan?","H"
"T3.7.1","Funding commitments: scope","Has the entity committed to provide resources to other entities which is not a loan?","N"
"T3.8.1.1","Pension arrangements","Are the entity's employees covered by:

- defined contribution or money purchase pension schemes or by entity contributions to personal pension plans?","Y"
"T3.8.1.1","Pension arrangements","Are the entity's employees covered by:

- defined benefit pension schemes? 

Note: Under a defined benefit scheme, benefits are determined independently of the contributions payable, for example based on final salary. This would include a defined benefit multi-employer scheme that is being accounted for as a defined contribution arrangement under FRS 102.","N"
"T3.8.1.1","Pension arrangements","Are the entity's employees covered by:

- any unfunded pensions?","N"
"T3.8.1.1","Pension arrangements","Are the entity's employees covered by:

- any post-retirement benefits (funded or unfunded) other than pensions?","N"
"T3.10.1","Employee Benefits: scope","Has the entity accounted for any of the following types of employee benefits:

(a) other long-term employee benefits, which are all employee benefits, other than short-term employee benefits, post-employment benefits and termination benefits; or","H"
"T3.10.1","Employee Benefits: scope","Has the entity accounted for any of the following types of employee benefits:

(a) other long-term employee benefits, which are all employee benefits, other than short-term employee benefits, post-employment benefits and termination benefits; or","N"
"T3.10.1","Employee Benefits: scope","Has the entity accounted for any of the following types of employee benefits:

(b) termination benefits, which are employee benefits provided in exchange for the termination of an employee’s employment as a result of either:

(i) an entity’s decision to terminate an employee’s employment before the normal retirement date; or

(ii) an employee’s decision to accept voluntary redundancy in exchange for those benefits?","N"
"T3.10.2","Multi-employer defined benefit plan","Has the entity early adopted the amendments to FRS 102: Multiple employee benefits?","N"
"T3.11.1","Scope: Business combinations effected in the period","Did the entity effect any business combinations in the period?","N"
"T3.11.3","Group reconstructions: scope","Did the entity effect any business combinations in the period?  Note.  You should answer 'No' to this question if the only business combinations are group reconstructions.","N"
"T3.11.5","Discontinued operations: scope","Does the entity have any discontinued operations?","N"
"T3.13.1","Related Parties","Has the entity entered into any transactions with related parties, or are there outstanding balances between the entity and related parties?

See help for further guidance on related parties under FRS 102.

Note: If all related party transactions are between members of a group and all involved subsidiaries are wholly owned by such a member, and there are no outstanding balances within that group, no disclosures are required and so a 'N/A' answer can be given.  This exemption is not available for charities (see SORP para 